date,grade,price,source
2026-08-07,210,2900,示範資料（手動輸入）
2026-08-07,280,3180,示範資料（手動輸入）
2026-08-07,350,3550,示範資料（手動輸入）
2026-08-14,210,2920,示範資料（手動輸入）
2026-08-14,280,3200,示範資料（手動輸入）
2026-08-14,350,3560,示範資料（手動輸入）
2026-08-21,210,2920,示範資料（手動輸入）
2026-08-21,280,3200,示範資料（手動輸入）
2026-08-21,350,3560,示範資料（手動輸入）
2026-08-28,210,2940,示範資料（手動輸入）
2026-08-28,280,3210,示範資料（手動輸入）
2026-08-28,350,3570,示範資料（手動輸入）
2026-09-04,210,2950,示範資料（手動輸入）
2026-09-04,280,3220,示範資料（手動輸入）
2026-09-04,350,3580,示範資料（手動輸入）
2026-09-11,210,2950,示範資料（手動輸入）
2026-09-11,280,3220,示範資料（手動輸入）
2026-09-11,350,3580,示範資料（手動輸入）
2026-09-18,210,2960,示範資料（手動輸入）
2026-09-18,280,3230,示範資料（手動輸入）
2026-09-18,350,3590,示範資料（手動輸入）
2026-09-25,210,2970,示範資料（手動輸入）
2026-09-25,280,3195,示範資料（手動輸入）
2026-09-25,350,3590,示範資料（手動輸入）
2026-10-02,210,2980,示範資料（手動輸入）
2026-10-02,280,3250,示範資料（手動輸入）
2026-10-02,350,3600,示範資料（手動輸入）
